Datum	Ereignis	Sportart	Ort	event_id	competition_key	season	sport_key	discipline_key	coverage	audience_countries	uk_home_nations	event_kind	host_countries	division	gender	stage
26.12.2026 - 5.1.2027	2027 World Junior Ice Hockey Championships	Ice Hockey		event-d74a34d60fc37f816bb354382fb2f24c63e015d850b76b8ab4776bb1afe151d0	catalog_ice_hockey	2027	ice_hockey		not_tagged			national_championship			mixed	ice_hockey:2027 world junior ice hockey championships
1.1.2027	2027 NHL Winter Classic	Ice Hockey		event-6d227a9ea6b7058892921d8bc6c76be3a2a889d724f49737c8a425c1809ac9d7	catalog_ice_hockey	2027	ice_hockey		not_tagged			tournament			mixed	ice_hockey:2027 nhl winter classic
7.1.2027 - 5.2.2027	2027 AFC Asian Cup	Association football		event-f1067f2d95ffa1b8e7068f2e717f58a6f74b43dd3b5862ce27d17182d34b7fcf	catalog_football	2027	football		not_tagged			tournament			mixed	football:2027 afc asian cup
13.1.2027 - 31.1.2027	2027 World Men's Handball Championship	Handball		event-7a094603cf75fc0c254602a73290774c947b3f2b54c00a126f58bea5f7ca3bb1	catalog_handball	2027	handball		not_tagged			national_championship			male	handball:2027 world men's handball championship
17.1.2027 - 31.1.2027	2027 Australian Open	Tennis		event-4a44b96f828b8fee6a9d39874ef5f4222b9a46431eeb4447bbb50589b6e09046	catalog_tennis	2027	tennis		not_tagged			tournament			mixed	tennis:2027 australian open
25.1.2027	2027 College Football Playoff National Championship	American football		event-87f3a876644a0872823fc07629834c5fddce39248f91019f9dc1a93f619ba56a	catalog_american_football	2027	american_football		not_tagged			national_championship			mixed	american_football:2027 college football playoff national championship
7.2.2027	2027 Pro Bowl Games	American football		event-96a78dae3d532837a84ad9915ff4b8abdea20032862944e2a3710084bd092ffc	catalog_american_football	2027	american_football		not_tagged			tournament			mixed	american_football:2027 pro bowl games
7.2.2027	2027 NHL All-Star Game	Ice Hockey		event-fdff9a4b1ac5bfe3b1318f91ac7033482edf0e52f11e0a3bb96cb6156eef968a	catalog_ice_hockey	2027	ice_hockey		not_tagged			tournament			mixed	ice_hockey:2027 nhl all-star game
14.2.2027	Super Bowl LXI	American football		event-89c81d7fe92d48ebb9ca5a7bb0f12dc0be46583f86e637dcd493059c2a62c14f	catalog_american_football	2027	american_football		not_tagged			cup_final			mixed	american_football:super bowl lxi
20.2.2027	2027 NHL Stadium Series	Ice Hockey		event-d9f3a16d4a44dfdd12c2754e6e0c57b90b0334e2212d39d17c62970263547c1e	catalog_ice_hockey	2027	ice_hockey		not_tagged			tournament			mixed	ice_hockey:2027 nhl stadium series
21.2.2027	2027 Daytona 500	Auto Racing		event-5b67d76e56233b240c8691c018e08638412105a333e7af6581d315cff3305943	catalog_other	2027	other		not_tagged			tournament			mixed	other:2027 daytona 500
21.2.2027	2027 NBA All-Star Game	Basketball		event-88aaa3471e6cb796d3fb02fca7b8217e13ec0140e84454942cd953b9d2674f77	nba	2027	basketball		not_tagged			tournament			mixed	basketball:2027 nba all-star game
3.3.2027 - 14.3.2027	2027 Indian Wells Open	Tennis		event-6668d7bcd66fd8dddf7d5d5b8f650f7f3dc8ec985bfdfbaeeb4d86161c06ddaf	catalog_tennis	2027	tennis		not_tagged			tournament			mixed	tennis:2027 indian wells open
7.3.2027	2027 Tokyo Marathon (WMM #1)	Marathon		event-f6369b313e2922bad46a4fd94541416325eec27ad40c58821bd4ab7526569f02	catalog_marathon	2027	marathon		not_tagged			tournament			mixed	marathon:2027 tokyo marathon (wmm #1)
11.3.2027 - 14.3.2027	2027 Players Championship	Golf		event-8f553dc277795fbe76cb7e3e8db5bdfa88143e56612f270ecd5205d147221dcf	catalog_golf	2027	golf		not_tagged			national_championship			mixed	golf:2027 players championship
16.3.2027 - 5.4.2027	2027 NCAA Division I men's basketball tournament	Basketball		event-470ef21149cc4eea47302d38670d2af317cd86d6b1abc4f508e92c1f9e2ce907	catalog_basketball	2027	basketball		not_tagged			tournament			male	basketball:2027 ncaa division i men's basketball tournament
17.3.2027 - 28.3.2027	2027 Miami Open	Tennis		event-188109a4f75361969039946b640bb181576d60bac04a76a46048355a2bc84c01	catalog_tennis	2027	tennis		not_tagged			tournament			mixed	tennis:2027 miami open
19.3.2027 - 4.4.2027	2027 NCAA Division I women's basketball tournament	Basketball		event-4a158f8f2d14b0d0e7c0c8f4dd61e6470339c230f7e3554f5131f674039875f2	catalog_basketball	2027	basketball		not_tagged			tournament			female	basketball:2027 ncaa division i women's basketball tournament
26.3.2027 - 4.4.2027	2027 World Men's Curling Championship	Curling		event-c767f34fb67250b543ebbc29fedd1a162a78dc08a779aeb54886ff238fd6f720	catalog_curling	2027	curling		not_tagged			national_championship			male	curling:2027 world men's curling championship
5.4.2027 - 11.4.2027	2027 Women's Softball World Cup	Softball		event-194ec1136606937f19ffc25423878ae759e93885460795e1984c8c2f399a740f	catalog_softball	2027	softball		not_tagged			tournament			female	softball:2027 women's softball world cup
8.4.2027 - 11.4.2027	2027 Masters Tournament	Golf		event-2cb917c003d10f9fda304dffeefb0de17de2e40a830c7d22c3845e58ce24d026	catalog_golf	2027	golf		not_tagged			tournament			male	golf:2027 masters tournament
19.4.2027	2027 Boston Marathon (WMM #2)	Marathon		event-a3e6a13d6d47540dba0691b8378921a8c2c95355fcc4f7ee5cc29147042263d3	catalog_marathon	2027	marathon		not_tagged			tournament			mixed	marathon:2027 boston marathon (wmm #2)
22.4.2027 - 25.4.2027	2027 Chevron Championship	Golf		event-39ce09b730cfe32f31bfcfff993e9edfe900d4035e16b4c2f3b7848f489ebe9a	catalog_golf	2027	golf		not_tagged			national_championship			mixed	golf:2027 chevron championship
25.4.2027	2027 London Marathon (WMM #3)	Marathon		event-a26f6730e0e8dd50174b0ee17e5b70d201f6d260122fa1945aee66d37fd5a5eb	catalog_marathon	2027	marathon		not_tagged			tournament			mixed	marathon:2027 london marathon (wmm #3)
29.4.2027 - 1.5.2027	2027 NFL draft	American Football		event-f0d4a68fec8a840e3d37758f86df552d5e251491b189ed190e3503d6a190fefa	nfl	2027	american_football		not_tagged			tournament			mixed	american_football:2027 nfl draft
1.5.2027	2027 Kentucky Derby	Horse Racing		event-ed3d4e15e3dc0f0d8d29971219fdcc40f4016fab8469fe51fe722064cf468231	catalog_horse_racing	2027	horse_racing		not_tagged			tournament			mixed	horse_racing:2027 kentucky derby
4.5.2027 - 16.5.2027	2027 Italian Open	Tennis		event-a8a9e3fa77f8dec0293ad7925b57868da57cf7a4af1ad7f32b66e0335527ab3c	catalog_tennis	2027	tennis		not_tagged			tournament			mixed	tennis:2027 italian open
15.5.2027	2027 Preakness Stakes	Horse Racing		event-91e6ddec54223d5dc8b1b63f469470537e756fff264539aae00b1820a0b40527	catalog_horse_racing	2027	horse_racing		not_tagged			tournament			mixed	horse_racing:2027 preakness stakes
20.5.2027 - 23.5.2027	2027 PGA Championship	Golf		event-5d6f2fc3c1757d0091d0a938d58ebaec4e1c73b4960536d9575322be25caf3be	catalog_golf	2027	golf		not_tagged			national_championship			mixed	golf:2027 pga championship
26.5.2027	2027 UEFA Europa League final	Association Football		event-6f932d4a493def89e4cf8ea65f0a7e7da727a5bef175643fa2191b368d228f21	catalog_football	2027	football		not_tagged			cup_final			mixed	football:2027 uefa europa league final
30.5.2027 - 13.6.2027	2027 French Open	Tennis		event-278c0c10c0da893b5ca7b8202289612a3f6d3bf2a0a0d8e78f2f9f669ca95b07	catalog_tennis	2027	tennis		not_tagged			tournament			mixed	tennis:2027 french open
2.6.2027	2027 UEFA Conference League final	Association Football		event-47fca17492c1eedbe5f1341d1170168bef9f3d8e88d903c8ba3f3c8e70974d77	catalog_football	2027	football		not_tagged			cup_final			mixed	football:2027 uefa conference league final
3.6.2027 - 6.6.2027	2027 U.S. Women's Open	Golf		event-8e9d92db2a6bc1b320ee5997d5431b6f2e17c0abd6f6563439278d8237c277a6	catalog_golf	2027	golf		not_tagged			tournament			female	golf:2027 u.s. women's open
5.6.2027	2027 UEFA Champions League final	Association Football		event-86ddd85d2f367d687f39050b739178dda7645424c940d269a3b4dd4a6c71de6d	uefa_champions_league	2027	football		not_tagged			cup_final			mixed	football:2027 uefa champions league final
5.6.2027	2027 Belmont Stakes	Horse Racing		event-6ec5b38fc247f288b9808042989885282c81c9691fa79e348d7009713fd7a3cc	catalog_horse_racing	2027	horse_racing		not_tagged			tournament			mixed	horse_racing:2027 belmont stakes
16.6.2027 - 27.6.2027	EuroBasket Women 2027	Basketball		event-44b7ebd16f9d656cb248ef3ac2a5c42c2cf25b6f8c54a9949effd16e5823a309	catalog_basketball	2027	basketball		not_tagged			tournament			female	basketball:eurobasket women 2027
17.6.2027 - 20.6.2027	2027 U.S. Open	Golf		event-c84c65e7799695f4f76149c9019ecc5c3c6d4b3a18e5dacabc014fd4cb08abb0	catalog_golf	2027	golf		not_tagged			tournament			mixed	golf:2027 u.s. open
24.6.2027	2027 NBA draft	Basketball		event-6b6f877b4e9b7d9044a1057ad51b68d57bef6847af48f9d4ee552f0120598ed6	nba	2027	basketball		not_tagged			tournament			mixed	basketball:2027 nba draft
24.6.2027 - 25.7.2027	2027 FIFA Women's World Cup	Association Football		event-51cc0f1c9707408e9c1a80fd9ed71f51a0ea2b00402c5954599ca5bb75d410dd	catalog_football	2027	football		not_tagged			tournament			female	football:2027 fifa women's world cup
25.6.2027	2027 NHL draft	Ice Hockey		event-1a6604aba6173e7bd0d4767b633ee225f2616389f7ebb0e526ca4fd470be0b35	catalog_ice_hockey	2027	ice_hockey		not_tagged			tournament			mixed	ice_hockey:2027 nhl draft
26.6.2027 - 4.7.2027	2027 FIBA Under-19 Basketball World Cup	Basketball		event-a2d0aea87445b8b6e985f9ce22e3a8d07b2daa6a67a94ad592d5a4b3356c8db3	catalog_basketball	2027	basketball		not_tagged			tournament			mixed	basketball:2027 fiba under-19 basketball world cup
26.6.2027 - 18.7.2027	2027 World Aquatics Championships	Aquatics		event-65e3a54d11f58665dcc298972f1fab9a8484ecd904b8a8789e80baeb6743a150	catalog_other	2027	other		not_tagged			national_championship			mixed	other:2027 world aquatics championships
28.6.2027 - 11.7.2027	2027 Wimbledon Championships	Tennis		event-f4fbcc9d78b88daf11e9faa68f197af47e44b94cdd736d37ef6222aed2113364	catalog_tennis	2027	tennis		not_tagged			national_championship			mixed	tennis:2027 wimbledon championships
2.7.2027 - 25.7.2027	2027 Tour de France	Road bicycle racing		event-0fb5a25e8ec2f8d69bb93ddc6292f3b3ba3228acb52263eb6642844368505e67	catalog_cycling	2027	cycling		not_tagged			tournament			mixed	cycling:2027 tour de france
3.7.2027 - 11.7.2027	2027 FIBA Women's AmeriCup	Basketball		event-89ba86f9e0d6e8ef8aa5d5535a661b90279fb8f0ac8b683e26c42723db1d7e1b	catalog_basketball	2027	basketball		not_tagged			tournament			female	basketball:2027 fiba women's americup
10.7.2027 - 18.7.2027	2027 FIBA Under-19 Women's Basketball World Cup	Basketball		event-f4e7622f7ff265a86a412a671fe8703b1f32828c2f2b65edda6869c8cbfd76a4	catalog_basketball	2027	basketball		not_tagged			tournament			female	basketball:2027 fiba under-19 women's basketball world cup
10.7.2027 - 18.7.2027	2027 America's Cup	Sailing		event-02ffae4daa7effc6474f21ed1b4a339364b96ee53d299cfad80d1afdeb60c956	catalog_other	2027	other		not_tagged			tournament			mixed	other:2027 america's cup
11.7.2027 - 18.7.2027	2027 FIBA Women's Asia Cup	Basketball		event-8049f458d402ef9afeaeb81bcf29f124b9117dd029719ee78359c278810c17bb	catalog_basketball	2027	basketball		not_tagged			tournament			female	basketball:2027 fiba women's asia cup
13.7.2027	2027 Major League Baseball All-Star Game	Baseball		event-4b503af0d69375c2232f3a72cef100a12aaa591da7d1d62110c73dc211781f91	mlb	2027	baseball		not_tagged			season			mixed	baseball:2027 major league baseball all-star game
15.7.2027 - 18.7.2027	2027 Open Championship	Golf		event-460f6ef82f978da28bfc506bd7399956fe4bf2cd94164ce3e64cef9116f068a0	catalog_golf	2027	golf		not_tagged			national_championship			mixed	golf:2027 open championship
16.7.2027 - 1.8.2027	2027 Pan American Games	Multi-sport		event-da1b204c0814d0ce90e6458f2d0c3eee4f57a6c455dfb1b86c743e0e22e6b432	catalog_other	2027	other		not_tagged			tournament			mixed	other:2027 pan american games
19.7.2027 - 25.7.2027	2027 Women's Baseball World Cup	Baseball		event-71a74fd6653b308a843981272ba6ef9a3750f579379d37f279e6ae41be39a3b8	catalog_baseball	2027	baseball		not_tagged			tournament			female	baseball:2027 women's baseball world cup
23.7.2027 - 1.8.2027	2027 Women's Afrobasket	Basketball		event-633e722f35d2b30d9ab9b085341839c958c139989d64d0350160f1ed7449c9b7	catalog_basketball	2027	basketball		not_tagged			tournament			female	basketball:2027 women's afrobasket
1.8.2027 - 13.8.2027	2027 Canadian Open	Tennis		event-1d325d2e326af5719d1da3bd1ef68f3f41c007bb33f4c33639e3b66f17de14a7	catalog_tennis	2027	tennis		not_tagged			tournament			mixed	tennis:2027 canadian open
12.8.2027 - 22.8.2027	2027 Cincinnati Open	Tennis		event-fc86040da8b883618847dd41f215ddd592b23efddb5f4056dac82d29b2e943b6	catalog_tennis	2027	tennis		not_tagged			tournament			mixed	tennis:2027 cincinnati open
12.8.2027 - 29.8.2027	2027 FedEx Cup Playoffs	Golf		event-9d2127e33f3a59db73444a55c176adf3f16d88a58a060f060ff0baafeec2466e	catalog_golf	2027	golf		not_tagged			tournament			mixed	golf:2027 fedex cup playoffs
19.8.2027 - 29.8.2027	2027 Little League World Series	Baseball		event-afa9fd51e5aac834a2381c42161c01d3bc7ca7d908f879de5645a15710fc32a0	catalog_baseball	2027	baseball		not_tagged			tournament			mixed	baseball:2027 little league world series
27.8.2027 - 12.9.2027	2027 FIBA Basketball World Cup	Basketball		event-f21c5b2abc6bf5a3dfa18d55e5e69ab95fdfdbb6831bdcd2a21a2901c5fbe709	catalog_basketball	2027	basketball		not_tagged			tournament			mixed	basketball:2027 fiba basketball world cup
29.8.2027	2027 Sydney Marathon (WMM #4)	Marathon		event-b28327867f7e0ec3ef86db5ac233e933884bfaf9eff9687cae47748ec11c1185	catalog_marathon	2027	marathon		not_tagged			tournament			mixed	marathon:2027 sydney marathon (wmm #4)
30.8.2027 - 12.9.2027	2027 US Open	Tennis		event-e45becabc4092913420801a2ce29cde30ccc87403960c52f864f30543aee9440	catalog_tennis	2027	tennis		not_tagged			tournament			mixed	tennis:2027 us open
4.9.2027 - 25.9.2027	2027 British & Irish Lions Women's tour to New Zealand	Rugby union		event-7497ffefc0a53d9fd508b35eab0603a053a8da4982f79e5042a2b12766955802	catalog_rugby	2027	rugby		not_tagged			tournament			female	rugby:2027 british & irish lions women's tour to new zealand
17.9.2027 - 19.9.2027	2027 Ryder Cup	Golf		event-bf38a377b9680981c1531e369e50148217052a2e305e8509aab51d54e85f2b28	catalog_golf	2027	golf		not_tagged			tournament			mixed	golf:2027 ryder cup
26.9.2027	2027 Berlin Marathon (WMM #5)	Marathon		event-74da506b3ec871ace5984720f8e954ad33b8662e2fc92cd2245c895894649450	catalog_marathon	2027	marathon		not_tagged			tournament			mixed	marathon:2027 berlin marathon (wmm #5)
1.10.2027 - 13.11.2027	2027 Rugby World Cup	Rugby union		event-3712ad24859d4adf11abd82950ee49685c39a6b43127fad60c12b9a35ef2fb9e	catalog_rugby	2027	rugby		not_tagged			tournament			mixed	rugby:2027 rugby world cup
10.10.2027	2027 Chicago Marathon (WMM #6)	Marathon		event-5e4d8382d6db81877eba8b7cdd3d64e3cd7a767f1b1abab10dc7e6992698a079	catalog_marathon	2027	marathon		not_tagged			tournament			mixed	marathon:2027 chicago marathon (wmm #6)
5.11.2027 - 6.11.2027	2027 Breeders Cup	Horse Racing		event-f95c12b5bdea2193a220da40a85c5d5dcff9659bfe6dcfca8423d364650a9707	catalog_horse_racing	2027	horse_racing		not_tagged			tournament			mixed	horse_racing:2027 breeders cup
7.11.2027	114th Grey Cup	Canadian Football		event-631739a946cae16e4332484f79b70037947a8909a6c50882e312a4bcc433315e	catalog_other	2027	other		not_tagged			tournament			mixed	other:114th grey cup
7.11.2027	2027 New York Marathon (WMM #7)	Marathon		event-50e96238dfb1c61100508534c8bdbe23129050f41debdf1c5d963082e0becd82	catalog_marathon	2027	marathon		not_tagged			tournament			mixed	marathon:2027 new york marathon (wmm #7)
10.12.2027 - 21.12.2027	2027 Southeast Asian Games	Multi-sport		event-5be38493bacd7696cc16c9f730847d89705711b2c2ac090c53169678e7b69eae	catalog_other	2027	other		not_tagged			tournament			mixed	other:2027 southeast asian games
26.12.2027 - 5.1.2028	2028 World Junior Ice Hockey Championships	Ice Hockey		event-3a895898ddeefd14a2930186d8e0863eed6485197d0fcec99b09838c3c8a7b79	catalog_ice_hockey	2028	ice_hockey		not_tagged			national_championship			mixed	ice_hockey:2028 world junior ice hockey championships
22.5.2027	2026/27 Bundesliga final matchday (Matchday 34)	Football		event-bb44f0e2d51c8664d73211b75362819c75f37c2e5acf1cb8b14ddb85b8fa5ce8	bundesliga	2026-27	football		national	DE		season			male	final_matchday
23.5.2027	2026/27 Google Pixel Frauen-Bundesliga final matchday	Football		event-b60827f0953c7536ac93528a4f68b819204f9a3d441dd0048f3e4c423e586b79	frauen_bundesliga	2026-27	football		national	DE		season			female	final_matchday
30.5.2027	2026/27 Premier League final matchday	Football		event-109e7d5b672917fc87d13e16e12a146c7b13cd9f8022fbf3e3cc2bc6fe472e88	premier_league	2026-27	football		national	GB		season			male	final_matchday
29.5.2027	2026/27 Ligue 1 final matchday	Football		event-e70128b0aace78f57f9da6cb30abba1c7b6ba047f3ef2c3b3e062885d13c45d3	ligue_1	2026-27	football		national	FR		season			male	final_matchday
30.5.2027	2026/27 Serie A final matchday	Football		event-bbfeead43d1616a1443dc3632244deb0304440f77a5134db1b18f82b5002879b	serie_a	2026-27	football		national	IT		season			male	final_matchday
